{
  "secchi": {
    "mean": 1.5763340345392007,
    "std": 0.21977617401027932,
    "min": 1.2012175406473455,
    "max": 2.2272445576395072,
    "trend": -0.004310403514335821
  },
  "chlorophyll_a": {
    "mean": 14.108886326320098,
    "std": 2.528407001707987,
    "min": 8.63370130700132,
    "max": 24.87197053539824,
    "trend": -0.013173176263868158
  },
  "tsi": {
    "mean": 56.109750602192406,
    "std": 1.755023280089857,
    "min": 51.40034580699572,
    "max": 61.7002867918137,
    "trend": -0.0016366697033900457
  },
  "turbidity": {
    "mean": 114.38120270226983,
    "std": 12.35556900261873,
    "min": 99.9064561719501,
    "max": 145.3386810029175,
    "trend": -0.13808537319068903
  },
  "salinity": {
    "mean": 0.06040833842124535,
    "std": 0.03901897605705807,
    "min": 0.0118704568826966,
    "max": 0.1852096943705563,
    "trend": -0.0008187265683893001
  },
  "do": {
    "mean": 9.57726026235523,
    "std": 0.00040530926918366756,
    "min": 9.576332226594186,
    "max": 9.578446014152023,
    "trend": -1.0819560888461075e-06
  },
  "ph": {
    "mean": 7.007558435387258,
    "std": 0.550319835687159,
    "min": 5.184974058059343,
    "max": 7.512077314692533,
    "trend": 0.009544615466115729
  }
}