{
  "secchi": {
    "mean": 1.5727671538141281,
    "std": 0.31437200298120865,
    "min": 1.211318621077159,
    "max": 2.876187113753325,
    "trend": -0.0028711297690817636
  },
  "chlorophyll_a": {
    "mean": 13.892154122904058,
    "std": 2.126387890988829,
    "min": 9.19537984411549,
    "max": 18.523023627569515,
    "trend": 0.009633218089663106
  },
  "tsi": {
    "mean": 55.63018525541919,
    "std": 1.9055619582265557,
    "min": 50.85545608680373,
    "max": 59.14864805957301,
    "trend": 0.016298123607763997
  },
  "turbidity": {
    "mean": 112.397342499422,
    "std": 12.98712712752399,
    "min": 91.18505673607017,
    "max": 141.07351393733126,
    "trend": -0.19148050288137825
  },
  "salinity": {
    "mean": 0.07046376955713307,
    "std": 0.03777685301888771,
    "min": 0.0214916979690149,
    "max": 0.1730604027615984,
    "trend": -0.0008630665642843994
  },
  "do": {
    "mean": 9.577190569547689,
    "std": 0.0007559074655067241,
    "min": 9.571815232805871,
    "max": 9.58036916517128,
    "trend": -1.7872141797336484e-06
  },
  "ph": {
    "mean": 7.048507065704432,
    "std": 0.538566696006619,
    "min": 5.456316955707052,
    "max": 7.592827682176879,
    "trend": 0.009076365576635844
  }
}