{
  "secchi": {
    "mean": 1.3974917692527202,
    "std": 0.11011943335493006,
    "min": 1.186540595928095,
    "max": 1.965370664665096,
    "trend": 0.0008776924440392941
  },
  "chlorophyll_a": {
    "mean": 21.58140099975282,
    "std": 5.119902278392692,
    "min": 16.23565522215646,
    "max": 36.81766533907475,
    "trend": -0.08590021478178432
  },
  "tsi": {
    "mean": 59.57397064673459,
    "std": 1.5470589335164113,
    "min": 57.626930179532536,
    "max": 63.6449866549636,
    "trend": -0.02449577129920723
  },
  "turbidity": {
    "mean": 87.52561022899413,
    "std": 7.607491388168611,
    "min": 65.17908883029986,
    "max": 102.03284511233056,
    "trend": 0.1008981736934137
  },
  "salinity": {
    "mean": 0.13703155032689537,
    "std": 0.0631407039088595,
    "min": 0.0357055107028274,
    "max": 0.2462476897613998,
    "trend": -0.0017222442372011413
  },
  "do": {
    "mean": 9.57702220607035,
    "std": 0.0007114291709680529,
    "min": 9.576307737041295,
    "max": 9.58252440704981,
    "trend": -5.70956108668824e-07
  },
  "ph": {
    "mean": 7.690516617818368,
    "std": 0.11706353826957469,
    "min": 7.359666059973523,
    "max": 7.941927869975816,
    "trend": -0.0021543026916801215
  }
}