{
  "secchi": {
    "mean": 1.4674206392858509,
    "std": 0.09835277844946513,
    "min": 1.292175844367602,
    "max": 1.7130840612329028,
    "trend": 0.00041040021787509394
  },
  "chlorophyll_a": {
    "mean": 26.533555265224148,
    "std": 9.525670007041741,
    "min": 17.453356955242253,
    "max": 63.91780566306799,
    "trend": -0.03921370850634753
  },
  "tsi": {
    "mean": 61.58431843226421,
    "std": 2.702325169121941,
    "min": 58.39397243435474,
    "max": 70.36407507408016,
    "trend": -0.0018489538775953963
  },
  "turbidity": {
    "mean": 79.06247774255056,
    "std": 11.75306947860937,
    "min": 42.973681377745805,
    "max": 98.02353121495412,
    "trend": -0.04324151667445544
  },
  "salinity": {
    "mean": 0.15129426046753414,
    "std": 0.05109402352625838,
    "min": 0.0811142452250675,
    "max": 0.3010568360546851,
    "trend": -0.0009147963398184481
  },
  "do": {
    "mean": 9.57695250398692,
    "std": 0.0006940304768023055,
    "min": 9.576042358115776,
    "max": 9.581123737782487,
    "trend": -2.5354301424034416e-06
  },
  "ph": {
    "mean": 7.731211295874014,
    "std": 0.1497892387189314,
    "min": 7.362809844058112,
    "max": 8.057907760272716,
    "trend": 0.00046557578261330205
  }
}