{
  "secchi": {
    "mean": 1.3403361641340195,
    "std": 0.11286343944476315,
    "min": 1.1547927289412896,
    "max": 1.8735513385359075,
    "trend": 0.0012347189011606462
  },
  "chlorophyll_a": {
    "mean": 27.33648593428669,
    "std": 9.11749922326415,
    "min": 15.343483166967689,
    "max": 57.89133508358731,
    "trend": 0.04873886574095398
  },
  "tsi": {
    "mean": 62.358624522137184,
    "std": 3.0224154495666262,
    "min": 57.36232566129278,
    "max": 69.90384335573567,
    "trend": 0.0175732856921227
  },
  "turbidity": {
    "mean": 83.09942564017227,
    "std": 19.957240471818185,
    "min": 47.9936466826891,
    "max": 124.53269441136774,
    "trend": -0.3278689022941155
  },
  "salinity": {
    "mean": 0.1715801936636528,
    "std": 0.0876356527875325,
    "min": 0.0066434477591715,
    "max": 0.366456470226724,
    "trend": -0.0013474149001203007
  },
  "do": {
    "mean": 9.576647146495985,
    "std": 0.0012590187376744788,
    "min": 9.573816112291665,
    "max": 9.582327338958336,
    "trend": -2.1160766143368488e-05
  },
  "ph": {
    "mean": 7.791127491826762,
    "std": 0.2455058703810047,
    "min": 6.170093122768707,
    "max": 8.164407210694197,
    "trend": 0.0017146031718556312
  }
}