{
  "secchi": {
    "mean": 1.310683516677073,
    "std": 0.06592736028407423,
    "min": 1.1728424421310435,
    "max": 1.5026063598072927,
    "trend": 0.0012352459865307833
  },
  "chlorophyll_a": {
    "mean": 17.94434828266535,
    "std": 3.5818837681795452,
    "min": 14.299353986603888,
    "max": 31.981846390223104,
    "trend": -0.016128598314586365
  },
  "tsi": {
    "mean": 58.36483006025496,
    "std": 1.7756108938392252,
    "min": 55.87628161806085,
    "max": 64.42538826431522,
    "trend": 0.002389511011718483
  },
  "turbidity": {
    "mean": 109.25992544812132,
    "std": 7.604736206802524,
    "min": 94.67360450155942,
    "max": 131.12517818477085,
    "trend": -0.14322618264373083
  },
  "salinity": {
    "mean": 0.06857580316123245,
    "std": 0.035896542156929265,
    "min": 0.0121060792129965,
    "max": 0.1383078998917479,
    "trend": -0.0009997340151206278
  },
  "do": {
    "mean": 9.577245393769749,
    "std": 0.0004324882347475017,
    "min": 9.576559275116963,
    "max": 9.579055190632848,
    "trend": 2.874705987401531e-06
  },
  "ph": {
    "mean": 7.4391520998545255,
    "std": 0.1243363700059525,
    "min": 7.004810415860039,
    "max": 7.69415568495657,
    "trend": 0.0007677742030348117
  }
}