{
  "secchi": {
    "mean": 1.270266448067373,
    "std": 0.03828772615071443,
    "min": 1.1684184034441094,
    "max": 1.3502997419683207,
    "trend": 0.00029027385442966023
  },
  "chlorophyll_a": {
    "mean": 37.49987670289663,
    "std": 13.077444500419903,
    "min": 22.052716961386608,
    "max": 74.23738236350266,
    "trend": -0.296162942765946
  },
  "tsi": {
    "mean": 64.84644319315214,
    "std": 2.913986546833667,
    "min": 60.80646466335958,
    "max": 71.68691373796116,
    "trend": -0.06727433910744617
  },
  "turbidity": {
    "mean": 61.34616270261691,
    "std": 12.018308262841693,
    "min": 34.702931504000674,
    "max": 78.94057518691662,
    "trend": 0.291084080760811
  },
  "salinity": {
    "mean": 0.17437987441314276,
    "std": 0.055154462507193094,
    "min": 0.098003309805014,
    "max": 0.2729381392896479,
    "trend": -0.001449020952833821
  },
  "do": {
    "mean": 9.57632832252149,
    "std": 0.0002776469216184822,
    "min": 9.57564949258947,
    "max": 9.576890979168422,
    "trend": 2.0686035788780276e-06
  },
  "ph": {
    "mean": 8.049423657408235,
    "std": 0.0906869072907778,
    "min": 7.938015738072982,
    "max": 8.229871855056638,
    "trend": -0.0022383569439503644
  }
}