{
  "secchi": {
    "mean": 1.4550500994370246,
    "std": 0.1447729470946863,
    "min": 1.1775710462387416,
    "max": 1.8319386020622364,
    "trend": -0.0026931697240898124
  },
  "chlorophyll_a": {
    "mean": 13.466456695696072,
    "std": 2.5852339568667038,
    "min": 8.270724610229564,
    "max": 21.06246071162689,
    "trend": -0.027553332724541607
  },
  "tsi": {
    "mean": 55.70424254087349,
    "std": 1.8049416941430056,
    "min": 50.79148305974452,
    "max": 60.437583994638295,
    "trend": -0.009834609431621812
  },
  "turbidity": {
    "mean": 120.03275394345549,
    "std": 14.562704554270313,
    "min": 84.62645319029652,
    "max": 160.12947751730243,
    "trend": -0.2076340224182396
  },
  "salinity": {
    "mean": 0.06669618522114867,
    "std": 0.05373197633043554,
    "min": 0.0108867319409707,
    "max": 0.2074933819916173,
    "trend": -0.0017817236238919924
  },
  "do": {
    "mean": 9.577075024090009,
    "std": 0.0005008407851143115,
    "min": 9.576312981402726,
    "max": 9.579314454751502,
    "trend": -7.241199639053706e-06
  },
  "ph": {
    "mean": 7.10474126342474,
    "std": 0.5150888486834445,
    "min": 3.984505936091325,
    "max": 7.751142468867696,
    "trend": 0.009162695568546231
  }
}