{
  "secchi": {
    "mean": 1.3520509850733256,
    "std": 0.08017578316365655,
    "min": 1.1708502943583723,
    "max": 1.5433188757890155,
    "trend": 0.00011086392019041978
  },
  "chlorophyll_a": {
    "mean": 15.013357334961553,
    "std": 2.5640421759596297,
    "min": 10.867954460219424,
    "max": 25.45244409492654,
    "trend": -0.02279949663496784
  },
  "tsi": {
    "mean": 56.18221845620269,
    "std": 1.9244056633181155,
    "min": 50.5522602908292,
    "max": 61.755227249785925,
    "trend": 0.010005380205633418
  },
  "turbidity": {
    "mean": 106.50828470549786,
    "std": 13.413451863552648,
    "min": 69.77899889214117,
    "max": 150.3890069019497,
    "trend": -0.10544703362241196
  },
  "salinity": {
    "mean": 0.10550635996540368,
    "std": 0.055636577258926435,
    "min": 0.0435904119044512,
    "max": 0.2249529345140647,
    "trend": -0.0019524634485509867
  },
  "do": {
    "mean": 9.57718563472171,
    "std": 0.0004391530302588035,
    "min": 9.57623706048491,
    "max": 9.578548591778604,
    "trend": -5.711707989763146e-06
  },
  "ph": {
    "mean": 7.435102017475627,
    "std": 0.26496050675424304,
    "min": 5.900999904968937,
    "max": 7.93182630525646,
    "trend": 0.0030223692208311624
  }
}